Link,Content
https://drive.google.com/file/d/1XyRaZDQC82S6Cc8eaZqyvyZ54gQQne2v/view?usp=drive_link,Y_Connection
 https://drive.google.com/file/d/1KqkOUwi2ZE0X0QdiseLpoAf3cJbuHxZg/view?usp=drive_link,Yahoo
 https://drive.google.com/file/d/1v5F3N8e-VNiUwqVGps4YUUmKx2Qvb-jS/view?usp=drive_link,Yak_(Sign_2)
 https://drive.google.com/file/d/1MrIYhwyo1a9kvjK9hqvCMBk1IrB_zo-W/view?usp=drive_link,Yak
 https://drive.google.com/file/d/1rcMHAY0tjZQJFIaZZzZH3dtc3f3b1_Yq/view?usp=drive_link,Yamaha_Bike
 https://drive.google.com/file/d/1XwUmsUBm1Z0XVTWKFy1TJToBydRQZaQG/view?usp=drive_link,Yardstick
 https://drive.google.com/file/d/1qkex4igy_XGQ4REGNi2vn3pmiMU8uRAe/view?usp=drive_link,Yarn
 https://drive.google.com/file/d/10g9js7T84Pgn1sQG9vUqLDUMrFP0QWdL/view?usp=drive_link,Yawn
 https://drive.google.com/file/d/1aKwmiMkz3Y9gL9ExoERHAXisR-F66C_O/view?usp=drive_link,Year_After_Year
 https://drive.google.com/file/d/1aCzTmCmCOWJ5k0FXz04clUqr0JBuKfh6/view?usp=drive_link,Year
 https://drive.google.com/file/d/1_Ubu-RQ-HZLH47jWjXLq-75nUYgFwazx/view?usp=drive_link,Yearlong
 https://drive.google.com/file/d/1U1rJEzaWU-55wkMi8dsot0Zur8ts6PnW/view?usp=drive_link,Yearn_Long
 https://drive.google.com/file/d/1ts-6y4lDt3nnGw9_XBdXH0moAIhykTay/view?usp=drive_link,Yell_Shout_Shriek_Scream
 https://drive.google.com/file/d/1ahRlLyVcRjb5XxjUpI5BLpjubtoWJZzU/view?usp=drive_link,Yellow_Fever
 https://drive.google.com/file/d/1ivFEtlIe4xYC28Tq0KtubcCmnC0efSkg/view?usp=drive_link,Yellow Flowered_Plants
 https://drive.google.com/file/d/1CR-qOfQo7j286OG4yGGYr1HNhX2nyzq2/view?usp=drive_link,Yellow
 https://drive.google.com/file/d/15eUfHyMVmpDddfZ10ibjR4YFf5_9Ezax/view?usp=drive_link,Yes (Sign_2)
 https://drive.google.com/file/d/1ToFfcA-AgdD_oqMiehMzCqBVJaByymfh/view?usp=drive_link,Yes
 https://drive.google.com/file/d/1kKm6s2OFHPVg2k7OmJgfUU7tSO1HQ0JM/view?usp=drive_link,Yesterday
 https://drive.google.com/file/d/1zq6jZi4sNlPYjSxhNmyw2JM1NgVVl0Cf/view?usp=drive_link,Yield_Curve
